,before,after
0,bn av cable,cables/adapters/switches
2,audio component video cable,cables/adapters/switches
4,sony original tablet power adaptor,cables/adapters/switches
6,gtx 1080 online edition pc gaming free player,computers/parts
10,case iphone,covers/cases
19,led strip lights 300 5050 rgb strips music sync color changing flexible kit app controller bedroom home kitchen,lights
28,universal power strips way usb ports protection socket switch portable charger uk plug wall adapter cord extension lead,cables/adapters/switches
31,asus pro motherboard intel socket ddr3,cables/adapters/switches
35,jbl charge bluetooth speaker,audio_visual
41,2mp network ip camera sd card slot cctv wide angle lens order,computers/parts
47,nzxt mini itx matte black walk offer 100 new till tag razer b450m x570 asus car msi rtx 2080,covers/cases 
48,usb digital audio dac cable,cables/adapters/switches
51,universal battery tester,remotes/batteries 
54,pro dac amp desktop audio amplifier,audio_visual 
58,15 pcs soldering kit 60w adjustable wire cutter carrying case,covers/cases
64,usb air ionic purifier office laptop,air
65,usb micro digital audio dac cable,cables/adapters/switches
66,airpod gen free case, covers/cases
67,rgb led lights bar waterproof colorful infrared remote control keyboard set, keyboards/mouse/chargers
70,laptop cooling fan foldable stand gaming working cooler pad stylish, air
71,camera laptop cleaner set ideal business personal use,others
74,lcd digital battery tester,remotes/batteries 
79,protective cover airpod,covers/cases 
87,keyboard mouse wireless built battery,keyboards/mouse/chargers 
97,apple watch silicon case 38mm,covers/cases
123,portable wireless screen hd hdmi 1080p wifi digital tv receiver compatible dongle adapter,cables/adapters/switches
133,desktop dual wired phone adjustable real time lcd, tablets/phones
146,pieces smart plug wifi outlet remote control mini compatible google home wireless timer hub,remotes/batteries
156,samsung original premium earphone mic akg s7 edge s8 note,audio_visual 
164,wireless gamepad controller nintendo switch pc,gaming_consoles
174,battery camera, audio_visual
176,macbook pro touch bar brand new 200 apple warranty 2021,computers/parts 
205,sapphire pulse radeon rx 4g itx,covers/cases
208,laptop charger adapter type input port, cables/adapters/switches
214,nvidia shield tv,audio_visual
218,brand new smart watch touch screen fitness tracker,time 
226,apple watch protector case,covers/cases
227,new pink gaming headset ps4 surround sound cat ear headphone led headphones women usb jack,audio_visual 
230,4ch 1080p ip camera wireless plug play video recorder kit set day night 2mp security cctv pro,audio_visual 
242,apple iphone earpiece,audio_visual
256,door access single rfid card control keypad ip camera,audio_visual
265,noise cancelling boltune bluetooth wireless ear headset deep 30 playtime headphones mic travel work tv pc,audio_visual 
267,usb type cable braided nylon fast charger ipad pro samsung macbook grey,cables/adapters/switches
269,headphones hybrid active noise bluetooth ear headset deep fast charge 30 hour playtime travel work tv pc,audio_visual 
282,key switch door access high quality stainless steel lock emergency push power rechargeable battery,others
283,guitar headphone amp hard pocket rechargeable mini amplifier,computers/parts
284,hd 1080 displayport nvidia sync speakers curved gaming monitor, audio_visual
286,corsair rgb 120mm dual light white led pwm fan pack lighting pro warranty, air
287,ray usb hdmi 1080p audio video cable output multiple compatible windows grey,cables/adapters/switches
306,zotac rtx 2060 amp 6gb,computers/parts 
313,professional 11 old pc new optional ethernet cable use,cables/adapters/switches
317,logitech surround sound speaker digital certified,audio_visual
332,airpod case,covers/cases
336,macbook pro retina apple ram8gb ssd 256gb intel core i7 black casing,covers/cases
338,macbook pro 2018 touch bar,computers/parts
344,logitech hd pro webcam video,audio_visual
356,limited pcs brand new canon original printer ink cartridge pixma black color day order model,computers/parts printers
358,aircon remote,remotes/batteries
369,extension lead universal usb charging hub ports way power strip surge protector cord switch portable charger plug fuse uk, cables/adapters/switches
405,5m led light strip remote,remotes/batteries
408,laptop keyboard,keyboards/mouse/chargers
411,apple ipad keyboard dock 2nd 3rd generation,keyboards/mouse/chargers
420,hd phone screen protection foldable bracket 3d movie video magnifying speaker amplifier, audio_visual
427,smart app controlled wifi power strip way usb ports operation voice google alexa home compatible surge protection uk pin phone charging,others
433,airpods case,covers/cases
436,fast wireless car mount air phone holder standard gold,others
450,razer tournament edition usb audio controller gaming headphones,audio_visual 
451,wireless pro gaming controller nintendo gamepad remote console type charging version,gaming_consoles 
454,audiophile speaker cable banana plug,cables/adapters/switches
459,magnetic led light strips pc,lights 
461,updated version usb type hub adapter gigabit 4k sd tf card compatible devices,cables/adapters/switches
463,instock samsung gear sport tempered glass galaxy watch 42mm screen,time
466,webcam ready stock fhd usb smart widescreen video laptop camera play,audio_visual
467,portable soundbar wired wireless bluetooth stereo speaker remote 5w mini home theater,audio_visual 
486,toshiba lightweight fast laptop ssd led keyboard cheap sale,computers/parts 
488,emergency solar radio alarm portable power bright lamp aux music player outdoor,audio_visual
490,mechanical hot switches keyboard,keyboards/mouse/chargers
506,sales lighting usb hdmi cable hdtv iphone,cables/adapters/switches
508,logitech digital surround sound speakers, audio_visual
509,mobile phone screen amplifier suitable 3d,audio_visual
511,hdmi tv adapter cable supports audio feet,cables/adapters/switches
515,year warranty hub dock type power delivery usb thunderbolt 4k video hdmi card reader ethernet macbook pro air ipad windows android adapter, cables/adapters/switches
524,remote control sony led tv,remotes/batteries 
525,custom high end gaming pc build zotac amp core 32gb gigabyte aorus,computers/parts
530,wts apple tv hdmi cable,cables/adapters/switches
542,zotac gtx 1060 3gb amp edition gddr5,computers/parts
584,led bathroom wall lights shaver socket pad makeup charging 500,lights 
586,high quality speaker cable pair,cables/adapters/switches
587,wifi led strip lights waterproof smart works google home 5050 flexible rgb music remote party room,lights 
590,lan ethernet gigabit wired network adapter pcs,cables/adapters/switches 
593,raspberry pi camera module,audio_visual
598,smart light switch home,cables/adapters/switches
599,male digital audio dac cable, cables/adapters/switches
602,apple macbook 60w power adapter,cables/adapters/switches
607,raspberry pi camera module,audio_visual
608,type power adapter charger apple macbook pro uk plug,cables/adapters/switches
609,ugreen usb bluetooth adapter wireless dongle transmitter receiver pc windows stereo headset speakers,cables/adapters/switches 
614,ue boom wireless speaker,audio_visual
629,version tws earbuds multi colour earphone mic xiaomi samsung huawei iphone,audio_visual
630,new power supply lighter socket ac dc adapter 12v 5a car charger converter,cables/adapters/switches 
632,ac adapter laptop charger hp,cables/adapters/switches 
633,cable sata psu,cables/adapters/switches
638,usb external sound card,computers/parts
643,x1 converter keyboard mouse adapter,cables/adapters/switches
651,free delivery aircon remote control,remotes/batteries
656,x1 carbon 8gb ram 256gb ssd fast working light battery warranty,computers/parts 
660,mini hdmi rca av adapter,cables/adapters/switches
667,aftershock 14 12 hour battery life,computers/parts
689,asus rog gaming pc samsung monitor, audio_visual
694,huion digital tablets game graphics drawing pen,tablets/phones 
695,sales power socket usb plug fast charge extension,cables/adapters/switches
698,apple watch nike series 44mm space grey case sport band,covers/cases
703,wood wireless charger fast charging pad stand compatible apple iphone xs max xr samsung galaxy s9 plus s8 s7 edge note huawei mate 20 pro,keyboards/mouse/chargers
717,new iphone 11 pro case 26 multi tool protective cover card slot built stand black,covers/cases
718,lenovo x1 carbon gen i5 8gb ram screen 256 ssd reader,computers/parts
721,zotac gtx super amp edition oc,computers/parts 
724,portable air mobile cooling conditioner mini personal space cooler purifier desktop fan office,air
730,ps4 wired headset,audio_visual
750,usb condenser microphone stand switch video,cables/adapters/switches
751,kingston hyperx core mechanical keyboard switch, cables/adapters/switches
754,universal aircon conditioner cooling remote control,remotes/batteries
756,studio laptop desktop microphone button,audio_visual
767,ps4 gaming headset xbox headphones rgb led light noise mic nintendo switch pc laptop computer,audio_visual 
769,dell xps 13 intel gen touch screen,audio_visual
776,shield android tv controller,audio_visual
791,apple mac pc samsung monitor,computers/parts audio_visual
795,intel gigabit network adaptor pcie,cables/adapters/switches
797,mini compact air dehumidifier, air
798,5v 120mm silent control rgb fan motherboard adjustable colorful fans controller,computers/parts 
808,hdmi adapter iphone ipad tv 1080p digital av hdtv cable ipod touch silver,cables/adapters/switches
817,bluetooth speaker mic tf card slot,audio_visual 
827,macbook case, covers/cases
836,canon projector,audio_visual
839,audio alpha power cord, cables/adapters/switches
849,smartphone photo instant printer japan best toy 2017 authentic, printers
852,bluetooth transmitter receiver tv home aptx low latency wireless audio adapter pc radio projector dvd ps4 optical aux,audio_visual 
857,usb powered sound bar speakers computer desktop laptop black, computers/parts
858,hp laptop tablet,tablets/phones
861,tws mini bluetooth earphone wireless headphone earbuds samsung xiaomi iphone,audio_visual
864,wall light switch,lights 
865,star led window lights modes rf remote timer decoration,lights 
873,ugreen usb hub type 4k hdmi adapter dock gigabit pd sd card reader,others
885,smart battery powered camera, audio_visual
888,3d screen 12 inch display mobile phone video amplifier portable home color,audio_visual 
890,ipad protective casing pencil,tablets/phones covers/cases
898,usb microphone kit plug play condenser computer music youtube voice,audio_visual 
900,bluetooth transmitter receiver audio adapter stereo player wireless, cables/adapters/switches
901,sale new ue portable bluetooth speaker,audio_visual
904,laptop fan cooler,air
906,wireless ps4 gold headset,audio_visual
911,bnib ipad pro smart keyboard,keyboards/mouse/chargers
913,12v lead battery smart charger motorcycle,remotes/batteries
919,video doorbell wireless hd wifi smart battery powered home security camera night pir motion detection,audio_visual
930,brand new webcam logitech,audio_visual
941,smart basic 360 degree camera 1080p night vision motion video recording remote view app way voice detection xiaomi,audio_visual 
943,corsair desktop casing, covers/cases
944,used inch portable ps4 nintendo switch android phones laptops desktop,gaming_consoles 
964,new green macbook air pro 13 15 2019 2018 a2159 a1932 a1707 11 12 case hard cover keyboard,keyboards/mouse/chargers
965,cell replacement laptop battery hp compaq series,remotes/batteries
968,macbook pro 2015 intel i5 charge,computers/parts 
971,adjustable monitor arm laptop computer screen desk stand setup,computers/parts
980,logitech plus wireless touch tv keyboard easy control touchpad,keyboards/mouse/chargers 
983,night light smart motion sensor led lamp battery bedside room,lights
993,free delivery macbook air pro 11 12 13 15 case screen protector a2159 a1932 a1706 2019,covers/cases 
999,new hdmi male female 360 adapter gold laptop computer pc,computers/parts
1002,compact sound card console,computers/parts
1020,neoteck hdmi audio optical toslink converter video adapter splitter digital stereo,cables/adapters/switches
1022,new apple macbook air pro retina 11 12 13 15 2019 a2159 a1990 a1707 a1706 a1932 case cover,covers/cases
1024,logitech bluetooth keyboard black works windows mac android ios tablets, tablets/phones
1026,mini wifi hidden 1080p hd spy camera small wireless home security surveillance motion view cable,audio_visual
1036,semi modular 80 plus power supply pc psu low noise fan desktop computer, air
1069,logitech plus wireless keyboard touchpad home theatre pc uk black,keyboards/mouse/chargers
1075,new macbook air 13 2020 a1932 pro 15 12 16 inch 2019 a2159 a1990 a1707 matte case protective hard,covers/cases
1080,new blue cover case macbook air retina pro 11 12 13 15 touch bar 2018 2019 2020 a1932 a2159 a1990 a1707 a1706,covers/cases 
1088,new notebook sleeve bag case laptop macbook 11 12 13 2019 2020 a1707, covers/cases
1090,aircon remote controller,remotes/batteries
1104,new air 13 2018 a1932 macbook pro 15 16 inch 2019 touch bar a2159 a1707 a1990 a1706 case keyboard cover,covers/cases
1109,brand new battery charger car,keyboards/mouse/chargers
1135,smart bulb alexa light wifi led rgb colour changing app dimmable remote control voice compatible google hub pack energy class,others
1136,zotac gaming geforce rtx 2060 6gb ddr6 twin fan, air
1146,neoteck digital 12v car motorcycle battery tester led lights display meter tools,remotes/batteries 
1148,panasonic eneloop battery hour quick charger led lights white batteries included,keyboards/mouse/chargers
1157,battery charger,keyboards/mouse/chargers
1160,smart case ipad pro 2017 2018 wireless bluetooth keyboard leather cover air pen slot,covers/cases
1168,laptop sleeve youtube,covers/cases
1182,classic silent desk alarm clock digital decor desktop table bedside bedroom battery,time 
1183,brand new pcie adapter card support,cables/adapters/switches 
1197,kids cat ear bluetooth headphones volume light wireless microphone,audio_visual 
1202,wifi smart plug socket compatible mini outlet energy app remote control uk,remotes/batteries
1210,cable tester,cables/adapters/switches
1217,brand new vintage industrial wall lights retro lamp metal e27 perfect kitchen bar bulb included,lights 
1221,gaming bundle keyboard mouse rgb headset,keyboards/mouse/chargers 
1231,alarm clock retro table design function face light wood brown,lights
1243,replacement battery thinkpad, computers/parts
1265,ugreen male port female audio stereo splitter cable adapter white,cables/adapters/switches
1266,ugreen male port female audio stereo splitter cable adapter white,cables/adapters/switches
1271,ue boom sale,audio_visual
1272,inch curved led monitor gaming game computer display screen hdd input,audio_visual 
1287,battery charger, keyboards/mouse/chargers
1309,panasonic aircon remote control,remotes/batteries
1313,outdoor security 1080p wireless wifi home surveillance waterproof camera night motion remote compatible,audio_visual
1322,anker usb wall charger uk adapter,cables/adapters/switches
1332,beats speaker holder white wireless bluetooth cover,covers/cases
1340,wireless game best christmas dual android phone tablet function tv box,tablets/phones 
1354,smart led light pcs pack,lights
1357,16 screwdriver tool set magnetic mobile phone laptop repair,others
1362,usb webcam desktop mac retractable easy use,audio_visual 
1363,aluminum metal card case anti rfid stylish,covers/cases
1366,wireless speakers led lights stylish,lights
1370,24v automatic battery charger car electric tools emergency light,keyboards/mouse/chargers
1372,new battery macbook pro 15 inch mid 2014,remotes/batteries 
1375,led light water remote control,remotes/batteries
1387,usb cable pack type charger cord compatible galaxy s10 s9 s8 xiaomi black, keyboards/mouse/chargers
1390,cordless foldable stand fan floor desk usb battery portable,air 
1395,canon hd camera,audio_visual
1398,macbook pro 2018 16gb 512gb apple 13 touch bar i5 space grey,computers/parts 
1418,13 pen display graphics monitor,audio_visual
1429,charging stand iphone base station apple watch airpods,keyboards/mouse/chargers
1446,microsoft surface pro skin intel 8gb 512gb windows 10 touch screen protector laptop tablet comes,tablets/phones
1450,usb rechargeable speaker bicycle waterproof light,lights
1452,replacement remote lg tv compatible various,remotes/batteries 
1456,msi 144hz fhd curved gaming monitor,audio_visual
1461,silent fan laptop cooling pad,air 
1462,aftershock amd 3600 rtx 2060 windows 10 gaming mouse, keyboards/mouse/chargers
1464,ugreen male splitter cable microphone female earphone, audio_visual
1469,keyboard mouse adapter,cables/adapters/switches
1471,4k pro android tv cable,cables/adapters/switches
1476,apple watch charger replacement charging wireless portable pad cable cord compatible series 38mm 42mm,cables/adapters/switches
1478,automatic smart car battery charger pro, keyboards/mouse/chargers
1483,apple iphone headphone jack,audio_visual
1484,msi curved gaming monitor sync panel warranty,audio_visual
1495,used dehumidifier compact electric air silent uv light small bathroom bedroom office,air
1498,huion pro v2 graphic drawing tablet function stylus pen pressure,tablets/phones
1505,bedside speaker 2nd generation usb charging port led clock,audio_visual 
1508,clock radio fm,time
1509,car 12v battery pulse charger 5a, keyboards/mouse/chargers
1512,hard carrying case cover storage bag jbl flip bluetooth wireless speaker,covers/cases 
1513,bnib cooling fans computer cooler laptop stand rack notebook bracket 14 17,air 
1523,samsung universal tv remote control support smart button,remotes/batteries
1525,wireless charger headphones stand,audio_visual
1529,ipad inch case,covers/cases
1536,hdmi vga cable compatible raspberry xbox black,cables/adapters/switches
1545,new samsung tv remote control universal plug play lcd led smart youtube,remotes/batteries 
1547,lenovo laptop notebook intel i5 window touch screen,computers/parts 
1558,wireless charger apple watch magnetic charging cable cord compatible series iphone white,keyboards/mouse/chargers
1563,apple certified watch magnetic charging cable cord 38mm 42mm portable charger series,keyboards/mouse/chargers 
1565,bn pulse repair battery charger 12v 24v,keyboards/mouse/chargers
1574,usb external sound card audio adapter aux ugreen,cables/adapters/switches
1579,pc casing fans,covers/cases
1589,travel power adapter converter ac output smart usb charging ports,cables/adapters/switches 
1597,nzxt case fans, air
1600,camera laptop cleaner set ideal business personal use,audio_visual 
1608,clock spy hidden camera,audio_visual
1615,raspberry pi case cooling works camera module,audio_visual
1627,acer light laptop 8th gen intel processor,computers/parts
1636,lcd electronic universal battery tester,remotes/batteries
1656,tws s1 wireless earbuds bluetooth,audio_visual
1658,super bright led flashlight rechargeable 18650 battery,lights 
1670,asus i7 quad core laptop 3gb graphics new battery,computers/parts 
1676,10m speaker cable,cables/adapters/switches
1678,intel processor fan,air
1680,ryzen 3600 mini itx gaming pc,covers/cases
1703,mini displayport hdmi mac braided nylon adapter dp thunderbolt gold plated macbook air pro microsoft surface gray,cables/adapters/switches 
1720,pcs flameless candles led battery timer remote control yellow pack 12,remotes/batteries
1727,port sg uk plug ac wall power socket extension surge protector protection usb charger, keyboards/mouse/chargers
1728,kids case protective ipad air cover screen protector apple blue,covers/cases 
1738,clearance ducky rgb mechanical keyboard red switches,cables/adapters/switches
1750,acer aspire s7 touch screen,computers/parts 
1752,acer aspire s7,computers/parts
1772,bnib apple airpods wireless charging case,keyboards/mouse/chargers
1775,120mm rgb led pwm motherboard colorful case fans controller,computers/parts
1776,bnib sealed airpods wireless charging case,keyboards/mouse/chargers
1788,logitech business webcam, audio_visual
1789,dynamic latest version bnib original earphones iem new cable adaptor free year,audio_visual
1808,usb gen type 100w fast charge cord 5a power video red, cables/adapters/switches
1810,apple airpod gen wireless charging case, keyboards/mouse/chargers 
1812,raspberry pi lcd inch touch screen monitor model interface pen, audio_visual
1823,battery case iphone portable rechargeable charger pack plus charging black, keyboards/mouse/chargers
1838,v2 10 inch digital graphics drawing tablet pen stylus,tablets/phones
1847,keyboard mouse adapter wireless converter game console,keyboards/mouse/chargers
1853,xiaomi airdots earphone bluetooth headset tws true wireless stereo auto charging box,keyboards/mouse/chargers
1854,true wireless earbuds bluetooth tws earphones charging case microphones, keyboards/mouse/chargers
1856,bluetooth transmitter boltune aptx hd low latency long range wireless audio adapter,cables/adapters/switches
1861,nintendo switch game,gaming_consoles 
1862,male female electronic headset microphone audio adapter,cables/adapters/switches
1868,baby sound night light,lights
1869,smart security camera cloud storage battery life,audio_visual
1878,v2 vintage leather book case sleeve pocket macbook pro,covers/cases 
1881,backlit mini wireless mouse touchpad keyboard remote tv box battery panasonic,keyboards/mouse/chargers 
1884,apple leather sleeve macbook air pro,covers/cases 
1889,sony alpha frame camera body comes free 64gb card,audio_visual 
1907,sale anker pd usb charger apple iphone pro max macbook nintendo switch microsoft surface samsung,keyboards/mouse/chargers
1914,sound bar tv soundbar subwoofer speakers 40w surround bluetooth bt laptop usb input modes easy remote control,remotes/batteries
1916,logitech pro gaming headset,audio_visual
1934,2019 upgrade mini projector tripod led hd 1080p display tv video blue ray dvd smartphone home theater dual usb port,audio_visual
1936,usb hdmi adapter pd power charging 4k60hz,cables/adapters/switches
1940,macbook pro 13 2017 space grey touch bar,computers/parts 
1946,logitech metal headset stand, audio_visual
1955,box smart table bluetooth speaker wireless usb charging dock,audio_visual 
1957,led candles rechargeable flameless battery charging base yellow light,remotes/batteries 
1960,audiophile cable rca,cables/adapters/switches
1964,authentic macbook pro 60w magsafe charger,keyboards/mouse/chargers
1968,box wireless keyboard smart android tv 4gb ram 32gb wifi bluetooth 4k,audio_visual
1970,corsair rgb brown switch,cables/adapters/switches
1985,key electronic keyboard portable silicon stereo speaker battery support microphone audio input functions, audio_visual 
1986,led strip light rgb music sync color ir remote controller flexible home party bedroom diy indoor,remotes/batteries 
1988,xiaomi fan battery smart app mode,air
1992,mini itx gaming pc,computers/parts
1995,60w ac adapter charger apple macbook air white,keyboards/mouse/chargers
1999,type vga adapter male female converter macbook,cables/adapters/switches 
2001,airpods 2nd wire charging case sealed,keyboards/mouse/chargers
2027,logitech pro wireless pink pre order,keyboards/mouse/chargers
2040,portable bluetooth speaker wireless stereo bass subwoofer fm radio remote control,remotes/batteries
2054,philips alarm clock radio,time 
2058,neoteck headphone amplifier portable audio rechargeable hifi earphone lithium battery aluminum matte surface ideal mp3 phones digital,audio_visual 
2062,sleeve laptop,covers/cases 
2068,new zotac geforce gtx 1070 ti amp edition 8gb gddr5 gaming graphics card metal box,computers/parts
2083,macbook pro charger magsafe style power adapter connector, cables/adapters/switches
2085,asus gaming headset pc mobile,audio_visual 
2091,mpow headphones stereo earphones remote crystal clear sound cell,audio_visual 
2103,wireless video baby monitor lcd display way sound temperature night low battery blue,audio_visual 
2118,5m 10m led strip light remote controller plug,cables/adapters/switches
2128,upgrade wireless charge stand iphone 11 xs galaxy s10 s9 note white,keyboards/mouse/chargers 
2129,used acer aspire 11 touch screen,audio_visual
2133,bladeless fan air purifier,air 
2134,usb type hub adapter ethernet 4k 100w power ports chromebook black,computers/parts
2135,stand ps4 slim pro cooling fan touch control panel controller charging station temperature sensor playstation, air 
2158,1080p hd webcam laptop desktop noise microphone,audio_visual 
2163,displayport cable dp hdmi nylon braided 4k60hz high speed compatible tv slim aluminum grey,cables/adapters/switches 
2164,portable radio clock, time
2186,magnifying glass loupe led light multipurpose jewelry watch,time
2188,bluetooth music speaker led light remote perfect,audio_visual
2198,jbl wireless ear earphones bluetooth earbuds microphone charging box iphone android,audio_visual
2202,rgb led strip lights kit remote, remotes/batteries
2203,logitech speakers,audio_visual
2204,video fhd 1080p ir night vision lcd touch screen youtube camera external wide angle remote control lens,audio_visual
2205,magnetic phone car mount pack universal air cell holder strong compatible iphone xs max xr plus samsung s10 s9 s8 mini tablets,tablets/phones
2208,pc desktop monitor,audio_visual
2224,bn rgb led strips lights 150 5050 colour changing power supply remote controller included,lights
2235,bluetooth wireless keyboard protection case apple ipad brand new stock,covers/cases
2243,bn huion usb art drawing graphic tablet digital pen microsoft office chinese electronic work home,tablets/phones
2252,original apple earpiece earphone microphone iphone,tablets/phones
2257,authentic black laptop sleeve multi case bag,covers/cases
2260,audio cable dual,cables/adapters/switches
2270,displayport cable nylon high speed dp supports compatible tv grey,audio_visual
2275,v4 vr iphone xs samsung s9 s8 note,tablets/phones
2290,battery omeril waterproof door bell wireless plug push button level volume range,cables/adapters/switches
2291,led ring light tripod stand cell phone holder live dimmable camera youtube compatible iphone android,audio_visual
2295,iphone wired earpiece,audio_visual
2306,wireless automatic cooling outlet temperature controller built sensor remote lcd display pcs,remotes/batteries
2308,model macbook charger,keyboards/mouse/chargers
2310,hd 1080p webcam auto noise usb computer laptop camera black,audio_visual
2316,macbook pro replacement 60w magsafe power adapter charger mid 2012,cables/adapters/switches
2318,logitech speakers,audio_visual
2334,iphone earpiece,audio_visual
2351,livolo white touch wall socket tempered glass panel uk standard,cables/adapters/switches
2352,refurbished dell xps 13 gold touch screen,computers/parts 
2355,sata cable,cables/adapters/switches
2357,portable home theater 1080p video image hifi hour lamp supports sd av,audio_visual
2363,female dual headphone mic audio splitter cable,cables/adapters/switches
2391,waterproof dual usb fast charger socket power outlet adapter truck wire fuse,cables/adapters/switches
2400,sound card,computers/parts
2404,livolo touch socket tempered glass panel,cables/adapters/switches
2406,xbox stereo headset adapter game audio mic microsoft controller black,audio_visual
2408,apple airpods wired casing brand new,covers/cases
2413,usb hub speed 100w pd charger 4k hdmi adapter 2019 macbook pro,cables/adapters/switches
2423,logitech receiver,audio_visual
2452,car air fast charge usb safety,keyboards/mouse/chargers
2458,clip mp3 player bluetooth inch screen music touch button sports 8gb portable fm radio voice recorder hard carrying case mate,covers/cases
2461,digital electronic pressure monitor ac adapter large bluetooth,audio_visual
2462,surface pro keyboard cover,covers/cases
2463,ab6 usb pc laptop condenser recording microphone 24 professional sound bit plug play voice,audio_visual
2479,bluetooth transmitter digital optical toslink wireless audio adapter aptx low latency pair devices,cables/adapters/switches
2497,apple airpods box cable,cables/adapters/switches
2503,graphics drawing tablet,tablets/phones
2505,scooter battery charger adapter bird electric xiaomi mijia bicycle power,cables/adapters/switches
2512,wireless bluetooth keyboard ipad size,keyboards/mouse/chargers
2513,male audio cable adapter jack plug stereo aux converter amplifier,audio_visual
2529,smart led bulb lamp home lighting bluetooth remote controlled mobile parties,lights
2537,instock blue airpod case,covers/cases
2540,iphone earpiece,audio_visual
2545,fm universal wireless radio adapter,cables/adapters/switches
2548,charging stand apple watch series 44mm 42mm 38mm mode edition,keyboards/mouse/chargers
2561,3d surround sound soundbar tv portable home theater wireless wired bluetooth remote control tablets cell phone,audio_visual
2569,touch true wireless stereo headset bluetooth earbuds charging case,covers/cases
2576,audiophile rca cable,cables/adapters/switches
2596,monocular high power low night vision binoculars bird watching smartphone adapter hiking outdoor,tablets/phones
2609,crystal hard case hp sprocket portable photo printer,printers
2611,laptop sleeve device,covers/cases
2616,earphone mic volume noise headphone compatible iphone samsung black,audio_visual
2635,bright projector 3500 lumens led video hd portable wired wireless screen display home theater cinema,audio_visual
